NOME;PONTUACAO;COMENTARIO;LOCAL;TIPO;TEMPO_ESPERA;BUSCA_ID;dataset_type;LAT;LON
Ôxximydog;5.0;4 comentários;R. Raimundo Arruda, 64 - Parquelândia, Fortaleza - CE, 60450-500;Restaurante;;restaurante;restaurante;-3.7339132;-38.5521407
Restaurante Mariano da Picanha;4.0;1.231 comentários;Av. Monsenhor Tabosa, 1712 - Meireles, Fortaleza - CE, 60165-010;$$;;restaurante;restaurante;-3.7247532;-38.5040675
Delicias da Iaiá;4.4;5 comentários;Rua Dr. Ribamar Lobo, N° 20 - Papicu, Fortaleza - CE, 60176-145;Restaurante brasileiro;10-45 min;restaurante;restaurante;-3.7448786;-38.4674477
Cocina 378;4.7;510 comentários;R. Vilebaldo Aguiar, 378 - Cocó, Fortaleza - CE, 60192-010;$$$;1-2,5 horas;restaurante;restaurante;-3.7418699;-38.4846125
Quintal Restaurante;4.6;350 comentários;Av. Desembargador Moreira, 533 - Meireles, Fortaleza - CE, 60170-000;$$$;45 min a 1,5 h;restaurante;restaurante;-3.7311255;-38.4964085
Cemoara Restaurante;4.4;54 comentários;R. Joaquim Nabuco, 166 - Meireles, Fortaleza - CE, 60125-120;Restaurante de frutos do mar;;restaurante;restaurante;-3.7266455;-38.4987703
Santa Grelha;4.7;1.799 comentários;R. Tibúrcio Cavalcante, 790 - Meireles, Fortaleza - CE, 60125-100;$$$;1-2,5 horas;restaurante;restaurante;-3.7316501;-38.5012789
Cabaña Del Primo;4.7;1.313 comentários;R. Maria Tomásia, 503 - Aldeota, Fortaleza - CE, 60170-001;$$$;10 min a 1,5 h;restaurante;restaurante;-3.7351457;-38.4977437
Balcony Bistro;4.8;227 comentários;R. Frederico Borges, 616 - Meireles, Fortaleza - CE, 60175-040;$$;;restaurante;restaurante;-3.73515;-38.48933
Restaurante Mucuripe;4.6;189 comentários;Av. Beira Mar, 3980 - Mucuripe, Fortaleza - CE, 60165-121;Restaurante de frutos do mar;1-3 horas;restaurante;restaurante;-3.7238739;-38.4853987
Restaurante Marquês da Varjota;4.6;1.114 comentários;R. Frederico Borges, 426 - Meireles, Fortaleza - CE, 60175-040;$$$;1-2,5 horas;restaurante;restaurante;-3.7333422;-38.489436
Restaurante 44;4.4;522 comentários;R. Joaquim Nabuco, 1224 - Aldeota, Fortaleza - CE, 60125-055;$$;30 min a 1 h;restaurante;restaurante;-3.7392378;-38.5025621
Butcher's 746: Steakhouse, Carnes Nobres, Churrasco, Delivery, Restaurante, Fortaleza CE;4.6;699 comentários;R. Maria Tomásia, 746 - Aldeota, Fortaleza - CE, 60150-170;$$$;1-2 horas;restaurante;restaurante;-3.7360203;-38.4955919
Casa Beá Restaurante;4.3;82 comentários;Av. Desembargador Moreira, 615 A - Meireles, Fortaleza - CE, 60170-055;Restaurante;;restaurante;restaurante;-3.7316736;-38.4967065
Pipo Restaurante;4.6;1.367 comentários;R. Manoel Lourenço dos Santos, 399 - São João do Tauape, Fortaleza - CE, 60135-450;$$$;;restaurante;restaurante;-3.7490074;-38.4927543
Vasto Restaurante;4.8;374 comentários;Av. Senador Virgílio Távora, 511 - Meireles, Fortaleza - CE, 60170-251;Restaurante;2-3,5 horas;restaurante;restaurante;-3.7324728;-38.4914237
Restaurante Lima 21 - Gastronomia Peruana;4.6;243 comentários;Rua Silva Jatahy, 505 - Meireles, Fortaleza - CE, 60165-070;Restaurante peruano;;restaurante;restaurante;-3.7301738;-38.490194
Ôxximydog;5.0;4 comentários;R. Raimundo Arruda, 64 - Parquelândia, Fortaleza - CE, 60450-500;Restaurante;;restaurante;restaurante;-3.7339132;-38.5521407
Restaurante Mariano da Picanha;4.0;1.231 comentários;Av. Monsenhor Tabosa, 1712 - Meireles, Fortaleza - CE, 60165-010;$$;;restaurante;restaurante;-3.7247532;-38.5040675
Casa Fontana;4.5;111 comentários;R. Bento Albuquerque, 1976 - Cocó, Fortaleza - CE, 60192-050;Restaurante;1,5-3 horas;restaurante;restaurante;-3.7475486;-38.47143
Moranga Bistrô;4.5;710 comentários;R. Xavier de Castro, 100 - Praia de Iracema, Fortaleza - CE, 60060-660;$$$$;1,5-2,5 horas;restaurante;restaurante;-3.7217503;-38.5127188
Casa Nostra | Restaurante Italiano;4.6;1.203 comentários;Av. Senador Virgílio Távora, 1800 - Dionísio Torres, Fortaleza - CE, 60170-251;$$;;restaurante;restaurante;-3.7477917;-38.4966169
Moleskine Gastrobar;4.7;3.009 comentários;Rua Professor Dias da Rocha, 578 - Meireles, Fortaleza - CE, 60170-310;$$$;;restaurante;restaurante;-3.7345721;-38.4915319
Marcel Restaurante.;4.6;117 comentários;Av. Historiador Raimundo Girão, 800 - Praia de Iracema, Fortaleza - CE, 60165-050;Restaurante francês;;restaurante;restaurante;-3.7206438;-38.5125842
Sabor de Mar;4.2;148 comentários;Av. Desembargador Moreira, 256 - Meireles, Fortaleza - CE, 60170-000;$$;45 min a 2,5 h;restaurante;restaurante;-3.729649;-38.4965286
Dom Antunes Steakhouse: Restaurante de Carnes Nobres Aldeota Fortaleza;4.4;1.396 comentários;Rua Frei Mansueto, 1560 - Aldeota, Fortaleza - CE, 60175-082;$$;;restaurante;restaurante;-3.7379703;-38.4887583
Riô - drinks & comida;4.9;11 comentários;Rua Frei Mansueto, 662 - Meireles, Fortaleza - CE, 60175-070;Restaurante brasileiro;;restaurante;restaurante;-3.7304327;-38.4888328
Giz Cozinha Boêmia;4.6;1.583 comentários;Rua Professor Dias da Rocha, 579 - Meireles, Fortaleza - CE, 60170-310;Restaurante brasileiro;1,5-3,5 horas;restaurante;restaurante;-3.7349318;-38.4911447
Geppos Praia - Restaurante na Praia de Iracema;4.4;3.201 comentários;Av. Beira Mar, 3222 - Meireles, Fortaleza - CE, 60165-121;$$;1-2 horas;restaurante;restaurante;-3.7257927;-38.4917104
Restaurante Moqueca;4.8;16 comentários;Rua Pescador Chico Bindá, 318 - Vicente Pinzon, Fortaleza - CE, 60181-160;Restaurante de frutos do mar;;restaurante;restaurante;-3.7262592;-38.4759927
Amarú Restaurante;4.4;1.299 comentários;R. Mario Mamede, 932 - Fátima, Fortaleza - CE, 60411-170;$$;25 min a 1 h;restaurante;restaurante;-3.7516167;-38.528606
Restaurante Rei do Baião;4.5;1.367 comentários;Av. Heráclito Graça, 699 - Centro, Fortaleza - CE, 60140-061;$$;30 min a 1 h;restaurante;restaurante;-3.7351447;-38.5185595
Restaurante Renascença;4.5;282 comentários;Rua General Tertuliano Potiguara, 570 - Aldeota, Fortaleza - CE, 60135-280;$$;45 min;restaurante;restaurante;-3.7439368;-38.4981298
Restaurante Mariano da Picanha;4.0;1.231 comentários;Av. Monsenhor Tabosa, 1712 - Meireles, Fortaleza - CE, 60165-010;$$;;restaurante;restaurante;-3.7247532;-38.5040675
Coco Bambu Meireles;4.6;10.689 comentários;Rua Canuto de Aguiar, 1317 - Meireles, Fortaleza - CE, 60160-120;$$$;1,5-3 horas;restaurante;restaurante;-3.7319051;-38.490918
Ôxximydog;5.0;4 comentários;R. Raimundo Arruda, 64 - Parquelândia, Fortaleza - CE, 60450-500;Restaurante;;restaurante;restaurante;-3.7339132;-38.5521407
Restaurante Mariano da Picanha;4.0;1.231 comentários;Av. Monsenhor Tabosa, 1712 - Meireles, Fortaleza - CE, 60165-010;$$;;restaurante;restaurante;-3.7247532;-38.5040675
Restaurante da Zena;4.5;2.004 comentários;R. Meton de Alencar, 549 - Centro, Fortaleza - CE, 60035-160;$$;25 min a 1 h;restaurante;restaurante;-3.7343892;-38.5289625
Cervejaria Turatti;4.4;3.042 comentários;R. Ana Bilhar, 1178 - Varjota, Fortaleza - CE, 60160-110;$$;;restaurante;restaurante;-3.7315285;-38.4868987
RAIZ Cozinha Brasileira;4.4;1.185 comentários;Av. Washington Soares, 3300 - Edson Queiroz, Fortaleza - CE, 60810-350;$$;1-3 horas;restaurante;restaurante;-3.7809498;-38.4811498
Restaurante Ubajara;4.1;267 comentários;R. Pinto Madeira, 600 - Centro, Fortaleza - CE, 60150-000;$;25 min;restaurante;restaurante;-3.7317817;-38.5198359
Restaurante La Fiorelli;3.9;30 comentários;Centro, Fortaleza - CE, 60025-100;Restaurante;;restaurante;restaurante;-3.7281287;-38.527412
Vignoli Fortaleza – Virgílio Távora;4.5;2.527 comentários;Av. Senador Virgílio Távora, 10 - Meireles, Fortaleza - CE, 60822-150;$$$;1-2 horas;restaurante;restaurante;-3.7343638;-38.4923309
Ryori Buganvília;4.5;668 comentários;Av. Dom Luís, 1113 - Meireles, Fortaleza - CE, 60160-230;$$$;;restaurante;restaurante;-3.7348923;-38.4911273
RESTAURANTE FINNA MISTURA;4.2;25 comentários;Av. Beira Mar - Meireles, Fortaleza - CE, 60165-121;Restaurante self-service;;restaurante;restaurante;-3.7233377;-38.4876583
Mistura Cearense;4.4;179 comentários;R. da Assunção, 119 - Centro, Fortaleza - CE, 60050-010;Restaurante self-service;30 min;restaurante;restaurante;-3.7313088;-38.5272305
Balcone;4.6;1.602 comentários;R. Osvaldo Cruz, 919 - Meireles, Fortaleza - CE, 60125-048;$$$;1-2 horas;restaurante;restaurante;-3.7311492;-38.4988718
Restaurante Philó;4.6;222 comentários;Rua Silva Paulet, 958 - Meireles, Fortaleza - CE, 60120-020;$$;30 min a 1 h;restaurante;restaurante;-3.7263661;-38.5028059
Vila Mosquito;4.5;1.120 comentários;R. Antônio Augusto, 786 - Meireles, Fortaleza - CE, 60110-370;$$$;1-2,5 horas;restaurante;restaurante;-3.7272969;-38.5126815
Restaurante Estação do marisco Fortaleza Ceará;5.0;20 comentários;R. Frederico Borges, 404 - Meireles, Fortaleza - CE, 60175-040;Restaurante de frutos do mar;;restaurante;restaurante;-3.7331226;-38.4894251
Porpino Burger: Hambúrguer, Batata Frita, Hamburgueria Delivery Fortaleza CE;4.6;4.594 comentários;Av. Senador Virgílio Távora, 597 - Meireles, Fortaleza - CE, 60170-265;$$;;restaurante;restaurante;-3.7331211;-38.4916347
Fortaleza Grill Restaurante;4.4;2.294 comentários;R. Pereira Filgueiras, 2111 - Aldeota, Fortaleza - CE, 60160-150;$$;25 min a 1 h;restaurante;restaurante;-3.7310282;-38.5040763
Restaurante Maranhão;4.2;25 comentários;R. Rodrigues Júnior, 540 - Centro, Fortaleza - CE, 60060-000;$;;restaurante;restaurante;-3.7294742;-38.5205704
Cantinho do Frango;4.7;5.414 comentários;Rua Torres Câmara, 71 - Aldeota, Fortaleza - CE, 60150-060;$$;45 min a 2 h;restaurante;restaurante;-3.7342267;-38.5104669
Baltazar Beira Mar - Baltazar Pizza Express - Barraca Baltazar;4.8;275 comentários;Av. Beira Mar, 2661 - Meireles, Fortaleza - CE, 60165-121;Restaurante;;restaurante;restaurante;-3.7233377;-38.4876583
Restaurante Mariano da Picanha;4.0;1.231 comentários;Av. Monsenhor Tabosa, 1712 - Meireles, Fortaleza - CE, 60165-010;$$;;restaurante;restaurante;-3.7247532;-38.5040675
Restaurante Pôr do Sol;4.5;10 comentários;Av. Beira Mar, 3678 - Mucuripe, Fortaleza - CE, 60165-121;Restaurante;;restaurante;restaurante;-3.723913;-38.4880971
Restaurante Boreale;4.1;7 comentários;Av. da Abolição, 3035 - Meireles, Fortaleza - CE, 60165-081;Restaurante;;restaurante;restaurante;-3.7265159;-38.4922135
Restaurante Delícias do Mar;4.6;165 comentários;R. Frederico Borges, 372 - Meireles, Fortaleza - CE, 60175-040;$;;restaurante;restaurante;-3.7328085;-38.489469
Sabores Orgânicos;4.6;1.859 comentários;R. Monsenhor Bruno, 1300 - Meireles, Fortaleza - CE, 60115-190;$$;1-2,5 horas;restaurante;restaurante;-3.7336599;-38.5101455
Restaurante Amuarama;4.2;59 comentários;Av. Deputado Oswaldo Studart, 888 - Fátima, Fortaleza - CE, 60411-260;$$;;restaurante;restaurante;-3.7574217;-38.5319387
Caravaggio Cucina&Vino;4.7;229 comentários;Rua Professor Dias da Rocha, 199 - Meireles, Fortaleza - CE, 60170-310;$$$;1,5-3,5 horas;restaurante;restaurante;-3.7309585;-38.4900344
Lagar Restaurante;4.4;420 comentários;R. Lauro Maia, 625 - Fátima, Fortaleza - CE, 60055-210;$$;;restaurante;restaurante;-3.7460183;-38.5229275
Coco Bambu;4.8;2.234 comentários;Av. Washington Soares, 85 - Edson Queiroz, Fortaleza - CE, 60810-060;$$$;;restaurante;restaurante;-3.7554302;-38.4887659
Cozinha Mágica;4.4;89 comentários;Av. Santos Dumont, 3130 - Aldeota, Fortaleza - CE, 60150-161;Restaurante self-service;15 min;restaurante;restaurante;-3.7373082;-38.4970664
Coco Bambu Sul;4.6;12.189 comentários;R. República da Armênia, 1154 - Parque Manibura, Fortaleza - CE, 60821-760;$$$;1,5-3 horas;restaurante;restaurante;-3.7917203;-38.48117
Sintra Gourmet;4.8;20 comentários;R. Joaquim Nabuco, 161 - Meireles, Fortaleza - CE, 60125-120;Restaurante self-service;30 min;restaurante;restaurante;-3.7269161;-38.4984941
Nova Casa;4.5;2.960 comentários;R. Joaquim Nabuco, 1800 - Aldeota, Fortaleza - CE, 60125-055;$$;30 min;restaurante;restaurante;-3.7410066;-38.5033411
El Chancho Aldeota;4.6;3.872 comentários;R. Leonardo Mota, 1477 - Aldeota, Fortaleza - CE, 60170-041;$$;45 min a 2 h;restaurante;restaurante;-3.7390185;-38.4969857
Divina Comida;4.5;2.920 comentários;Rua Torres Câmara, 135 - Aldeota, Fortaleza - CE, 60150-060;$$;30 min a 1,5 h;restaurante;restaurante;-3.7375893;-38.50096
Vignoli | Silva Jatahy;4.5;1.717 comentários;Rua Silva Jatahy, 529 - Meireles, Fortaleza - CE, 60165-070;$$$;1-2 horas;restaurante;restaurante;-3.7272253;-38.4988596
K-BaB;4.8;702 comentários;Av. Desembargador Moreira, 90 - Meireles, Fortaleza - CE, 60170-000;$$;45 min a 1,5 h;restaurante;restaurante;-3.7270584;-38.4955114
Restaurante Boa Mistura;4.5;102 comentários;Rua Dom Joaquim, 46 - Centro, Fortaleza - CE, 60110-100;$;30 min;restaurante;restaurante;-3.7242592;-38.5164822
Restaurante Aconchego do Mar;4.3;37 comentários;Av. Dioguinho, 5810 - Vicente Pinzon, Fortaleza - CE, 60183-706;Restaurante;15-45 min;restaurante;restaurante;-3.7391824;-38.4546276
Restaurante Mariano da Picanha;4.0;1.231 comentários;Av. Monsenhor Tabosa, 1712 - Meireles, Fortaleza - CE, 60165-010;$$;;restaurante;restaurante;-3.7247532;-38.5040675
Restaurante Fogão150;4.0;231 comentários;R. Barão de Aracati, 150 - Meireles, Fortaleza - CE, 60115-080;$$;;restaurante;restaurante;-3.7230608;-38.50893
La Bella Italia;4.5;1.337 comentários;Av. Almirante Barroso, 812 - Praia de Iracema, Fortaleza - CE, 60060-440;$$;1-2 horas;restaurante;restaurante;-3.7206088;-38.5157466
Restaurante Caicó Papicu;4.5;1.809 comentários;R. Eduardo Sabóia, 228 - Papicu, Fortaleza - CE, 60175-145;$$;30 min a 1,5 h;restaurante;restaurante;-3.7362739;-38.4824664
Culinária da Van;4.5;3.309 comentários;R. Waldery Uchôa, 260 - Benfica, Fortaleza - CE, 60020-110;$$;1-2,5 horas;restaurante;restaurante;-3.7440759;-38.5391865
Le Marché;4.5;310 comentários;Praça Pelotas, 41 - Centro, Fortaleza - CE, 60110-210;Restaurante francês;;restaurante;restaurante;-3.7267921;-38.5152962
Novos Boêmios;4.7;527 comentários;R. João Cordeiro, 219 - Meireles, Fortaleza - CE, 60110-355;$$;;restaurante;restaurante;-3.7222926;-38.5119037
Aconchego Bistrô Cearense;4.5;120 comentários;R. Dr. João Moreira, 143 - Centro, Fortaleza - CE, 60030-000;Restaurante;1-2 horas;restaurante;restaurante;-3.7234473;-38.5260137
Restaurante Mareiro;4.3;53 comentários;Av. Beira Mar, 2380 - Meireles, Fortaleza - CE, 60165-121;Restaurante;;restaurante;restaurante;-3.7255278;-38.4995025
Pasto e Pizzas;4.6;704 comentários;Av. Júlio Abreu, 160 - Varjota, Fortaleza - CE, 60160-240;Restaurante;1-2 horas;restaurante;restaurante;-3.7361875;-38.487424
Frigideira do Jonny Self Service;4.6;2.259 comentários;R. Joaquim Nabuco, 1900 - Aldeota, Fortaleza - CE, 60125-055;$$;45 min;restaurante;restaurante;-3.7392378;-38.5025621
Cinco Sentidos Bistrô: Restaurante, Gastronomia, Drinks, Vinhos em Fortaleza CE;4.3;12 comentários;Rua Professor Dias da Rocha, 579 - Meireles, Fortaleza - CE, 60170-310;Restaurante;1,5-3 horas;restaurante;restaurante;-3.7349318;-38.4911447
Anzio Gastronomia;4.5;517 comentários;Travessa Acaraú, 39 - Meireles, Fortaleza - CE, 60160-180;$$;;restaurante;restaurante;-3.7275798;-38.5118661
Carbone Steakhouse;4.6;532 comentários;Av. Desembargador Moreira, 1300 - Aldeota, Fortaleza - CE, 60191-156;$$$;1,5-2,5 horas;restaurante;restaurante;-3.7372857;-38.4994708
Mangusta Restaurante e Pizzaria;4.8;77 comentários;R. da Assunção, 1195 - José Bonifacio, Fortaleza - CE, 60040-230;Restaurante;;restaurante;restaurante;-3.7403004;-38.5303471
Domino's Pizza;4.2;764 comentários;Av. Treze de Maio, 825 - Fátima, Fortaleza - CE, 60040-531;$$;20 min a 1 h;restaurante;restaurante;-3.7513709;-38.5273246
Restaurante Mariano da Picanha;4.0;1.231 comentários;Av. Monsenhor Tabosa, 1712 - Meireles, Fortaleza - CE, 60165-010;$$;;restaurante;restaurante;-3.7247532;-38.5040675
Conimaki;4.2;619 comentários;Rua Canuto de Aguiar, 1368 - Meireles, Fortaleza - CE, 60160-120;$$$;;restaurante;restaurante;-3.732314;-38.4905475
Restaurante Amaral (o goiano);4.1;53 comentários;Av. César Cals, 953 - Vicente Pinzon, Fortaleza - CE, 60182-035;Restaurante;25 min;restaurante;restaurante;-3.7261622;-38.4615692
Zoá Gastrobar;4.7;53 comentários;R. Visc. de Mauá, 2217 - Dionísio Torres, Fortaleza - CE, 60125-161;Restaurante;45 min a 2 h;restaurante;restaurante;-3.7485379;-38.5033944
Mar de Lima;4.8;39 comentários;Rua Frei Mansueto, 1130 - Varjota, Fortaleza - CE, 60175-070;Restaurante;1-2,5 horas;restaurante;restaurante;-3.7370768;-38.4885524
Barraca da Boa;4.2;7.976 comentários;Av. Beira Mar, 2571 - Meireles, Fortaleza - CE, 60165-121;$$;;restaurante;restaurante;-3.7251279;-38.4980886
Restaurante Sesc João Cordeiro;4.8;144 comentários;R. João Cordeiro, 933 - Aldeota, Fortaleza - CE, 60110-301;$;30 min;restaurante;restaurante;-3.7284293;-38.513787
Restaurante Fortaleza;;;R. Clodoaldo Arruda, 250 - Cambeba, Fortaleza - CE, 60822-375;;;restaurante;restaurante;-3.8136409;-38.4808302
Bruta Flor;4.6;137 comentários;R. Antônio Augusto, 806 - Meireles, Fortaleza - CE, 60110-370;$$;1,5-3 horas;restaurante;restaurante;-3.7275256;-38.512748
Barraca Terra do Sol;4.5;6.280 comentários;Av. Clóvis Arrais Maia, 5295 - Praia do Futuro II, Fortaleza - CE, 60182-026;$$;;restaurante;restaurante;-3.7402501;-38.4527558
Restaurante Frederico;4.4;1.166 comentários;Rua Dr. José Lourenço, 504 - Meireles, Fortaleza - CE, 60115-280;$$;;restaurante;restaurante;-3.728656;-38.5060592
Cantina Primu's;4.1;164 comentários;R. Guilherme Rocha, 52 - Centro, Fortaleza - CE, 60030-140;$;;restaurante;restaurante;-3.7266457;-38.5291328
Chale Suíça Carnes e Fondue;4.3;127 comentários;R. Pereira Filgueiras, 1645 - Aldeota, Fortaleza - CE, 60160-150;$$$;;restaurante;restaurante;-3.729734;-38.5081161
Nem Restaurante;4.7;43 comentários;Centro, Fortaleza - CE, 60035-130;Restaurante;;restaurante;restaurante;-3.7281287;-38.527412
Lagostinne Fortaleza;4.4;181 comentários;Rua Frei Mansueto, 1225 - Varjota, Fortaleza - CE, 60175-157;Restaurante japonês;1,5-2,5 horas;restaurante;restaurante;-3.7351816;-38.4884439
Restaurante Le Pritaf;1.6;10 comentários;Av. Alberto Nepomuceno, 199 - Centro, Fortaleza - CE, 60055-000;Restaurante;;restaurante;restaurante;-3.723429;-38.5239495
Restaurante Fanfan;4.6;78 comentários;R. Meton de Alencar, 522 - Centro, Fortaleza - CE, 60030-160;Restaurante;25 min a 1 h;restaurante;restaurante;-3.7342165;-38.528697
Restaurante Mariano da Picanha;4.0;1.231 comentários;Av. Monsenhor Tabosa, 1712 - Meireles, Fortaleza - CE, 60165-010;$$;;restaurante;restaurante;-3.7247532;-38.5040675
De Babo Restaurante;4.6;171 comentários;Rua do Rosário, 86 - Centro, Fortaleza - CE, 60135-050;Restaurante;;restaurante;restaurante;-3.7283829;-38.5264617
Costa | Bar e Restaurante;4.5;247 comentários;R. Costa Barros, 1199 - Aldeota, Fortaleza - CE, 60160-190;$;25 min a 1 h;restaurante;restaurante;-3.730662;-38.51062
Churrascaria Picui Prime Cidade 2000;4.5;1.327 comentários;R. Andrade Furtado, 2520 - Cidade 2000, Fortaleza - CE, 60191-345;$$;;restaurante;restaurante;-3.7496706;-38.4677621
VILLELÔ;;;Av. da Abolição, 2324 - Meireles, Fortaleza - CE, 60165-080;;;restaurante;restaurante;-3.7269105;-38.4969791
Comes e Bebes Restaurante;4.4;138 comentários;R. Barão do Rio Branco, 783 - Centro, Fortaleza - CE, 60025-060;Restaurante self-service;25 min;restaurante;restaurante;-3.7253368;-38.5276643
Zé Tropeiro - Culinária Mineira;4.5;440 comentários;Rua Isac Meyer, 211 - Meireles, Fortaleza - CE, 60160-200;$$;1-2,5 horas;restaurante;restaurante;-3.7297416;-38.5116421
Zé Tropeiro - Culinária Mineira;4.5;440 comentários;Rua Isac Meyer, 211 - Meireles, Fortaleza - CE, 60160-200;$$;1-2,5 horas;restaurante;restaurante;-3.7297416;-38.5116421
Aki Asian Kitchen;4.5;386 comentários;R. Leonardo Mota, 753 - Meireles, Fortaleza - CE, 60170-040;Restaurante asiático;1-2,5 horas;restaurante;restaurante;-3.7335922;-38.4951414
Grelha Sul Restaurante;4.4;74 comentários;Av. Borges de Melo, 1643 - Parreão, Fortaleza - CE, 60410-335;Restaurante fast-food;;restaurante;restaurante;-3.7552923;-38.5355811
Churrascaria Nativas Grill Fortaleza;4.5;3.043 comentários;Av. Dom Luís, 1219 - Meireles, Fortaleza - CE, 60160-230;$$;1,5-3 horas;restaurante;restaurante;-3.7350448;-38.4901986
Le Lis Café e Restaurante.;2.3;6 comentários;R. Barão de Aracati, 145 - Meireles, Fortaleza - CE, 60115-080;Restaurante;;restaurante;restaurante;-3.7266541;-38.5099247
Inhamuns Restaurante;4.7;20 comentários;R. Ildefonso Albano, 1261 - Aldeota, Fortaleza - CE, 60115-000;Restaurante self-service;;restaurante;restaurante;-3.7321896;-38.5126367
Restaurante Kilo & Kilo;4.0;33 comentários;Rua do Rosário, 120 - Centro, Fortaleza - CE, 60055-090;Restaurante self-service;30 min;restaurante;restaurante;-3.7286488;-38.5264326
Restaurante Mariano da Picanha;4.0;1.231 comentários;Av. Monsenhor Tabosa, 1712 - Meireles, Fortaleza - CE, 60165-010;$$;;restaurante;restaurante;-3.7247532;-38.5040675
Baltazar Beira Mar - Baltazar Pizza Express - Barraca Baltazar;4.8;275 comentários;Av. Beira Mar, 2661 - Meireles, Fortaleza - CE, 60165-121;Restaurante;;restaurante;restaurante;-3.7233377;-38.4876583
Bom Pasto;4.4;128 comentários;R. Rocha Lima, 166 - Centro, Fortaleza - CE, 60135-000;Restaurante self-service;30 min;restaurante;restaurante;-3.7359646;-38.5235782
PaellaDonpepe;4.5;107 comentários;R. Ildefonso Albano, 603 - Meireles, Fortaleza - CE, 60115-000;Restaurante espanhol;;restaurante;restaurante;-3.7262067;-38.5107839
Aipos Restaurante;5.0;3 comentários;Rua Solon Pinheiro, 464 - Centro, Fortaleza - CE, 60050-040;Restaurante;;restaurante;restaurante;-3.7343493;-38.5278885
Casa do Alfajor;4.3;12 comentários;R. Dragão do Mar, 10 - Centro, Fortaleza - CE, 60060-390;Restaurante;;restaurante;restaurante;-3.7220094;-38.5208686
Ryori;4.7;366 comentários;Av. Washington Soares, 85 - Edson Queiroz, Fortaleza - CE, 60811-341;Restaurante japonês;15 min a 1 h;restaurante;restaurante;-3.7554302;-38.4887659
Restaurante Cinco Estrelas;4.3;51 comentários;Mercado São Sebastião - R. Gen. Clarindo de Queiroz, 1745 - Centro, Fortaleza - CE, 60010-690;Restaurante;;restaurante;restaurante;-3.7300486;-38.5391596
Restaurante e Lanchonete Cartaxo;;;Rua Bárbara de Alencar, 940 - Centro, Fortaleza - CE, 60140-025;;;restaurante;restaurante;-3.7374964;-38.5163879
Floresta Bar;4.6;11.702 comentários;Av. Santos Dumont, 1788 - Aldeota, Fortaleza - CE, 60150-160;$$;2-3,5 horas;restaurante;restaurante;-3.7336903;-38.5079984
Iracema's Grill;4.1;15 comentários;R. Xavier de Castro, 72 - Praia de Iracema, Fortaleza - CE, 60060-660;Restaurante;;restaurante;restaurante;-3.7214751;-38.5125864
RESTAURANTE BRITTO'S;4.3;136 comentários;R. São Paulo, 425 - Centro, Fortaleza - CE, 60030-100;$;30 min;restaurante;restaurante;-3.725477;-38.5296194
Camarão To Go;4.4;135 comentários;R. Barão de Aracati, 1473 A - Aldeota, Fortaleza - CE, 60115-081;Restaurante de frutos do mar;;restaurante;restaurante;-3.7324896;-38.5117912
Caravelle;4.3;1.384 comentários;Av. Luciano Carneiro, 1936 - Vila União, Fortaleza - CE, 60410-691;Restaurante;25 min a 1,5 h;restaurante;restaurante;-3.7650248;-38.536862
Restaurante;;;Avenida Imperador, 880 - Centro, Fortaleza - CE, 60015-050;;;restaurante;restaurante;-3.7257886;-38.5340832
Hanna's Restaurante | Self Service | Centro;4.4;1.332 comentários;R. Major Facundo, 736 - Centro, Fortaleza - CE, 60025-100;$$;45 min;restaurante;restaurante;-3.7294498;-38.5285236
Picanha do Lessa;4.2;471 comentários;R. Meton de Alencar, 199 - Centro, Fortaleza - CE, 60035-160;$;30 min a 1 h;restaurante;restaurante;-3.7354228;-38.5259916
Pier 95 Bar e Restaurante.;5.0;2 comentários;R. dos Pacajús, 95 - Praia de Iracema, Fortaleza - CE, 60060-520;Restaurante;;restaurante;restaurante;-3.7194324;-38.513769
Espaço Máxima Buffet \Restaurante;4.2;163 comentários;R. Carolina Sucupira, 939 - Aldeota, Fortaleza - CE, 60140-120;Restaurante;;restaurante;restaurante;-3.7423826;-38.4957675
Orla Praia Club: Restaurante, Barraca de Praia, Drinks, Happy Hour, Fortaleza CE;4.1;114 comentários;Av. Clóvis Arrais Maia, 3005 - Praia do Futuro, Fortaleza - CE, 60183-694;Restaurante;;restaurante;restaurante;-3.7323854;-38.4562478
Restaurante Mariano da Picanha;4.0;1.231 comentários;Av. Monsenhor Tabosa, 1712 - Meireles, Fortaleza - CE, 60165-010;$$;;restaurante;restaurante;-3.7247532;-38.5040675
Dom Tiziano;4.4;155 comentários;R. Floriano Peixoto, 799 - Centro, Fortaleza - CE, 60025-131;Restaurante self-service;30 min;restaurante;restaurante;-3.7295049;-38.5276935
Comida Porreta;4.2;40 comentários;Av. Almirante Barroso, 668 - Praia de Iracema, Fortaleza - CE, 60060-440;Restaurante self-service;;restaurante;restaurante;-3.7206061;-38.5171221
AQuitanda;4.6;523 comentários;R. Waldery Uchôa, 230 - Benfica, Fortaleza - CE, 60020-110;Restaurante;1-3 horas;restaurante;restaurante;-3.7438535;-38.5389995
Donastela Massas e Recheios;3.7;3 comentários;R. Major Facundo, 897 - Centro, Fortaleza - CE, 60025-100;Restaurante italiano;;restaurante;restaurante;-3.7308965;-38.5287605
Mabel Restaurante;4.7;20 comentários;BR-116, 5271 - Alto da Balança, Fortaleza - CE, 60823-105;Restaurante;;restaurante;restaurante;-3.769253;-38.5171421
Seu Conrado Monte Castelo: Restaurante, Cozinha Brasileira, Boteco em Fortaleza CE;4.7;1.367 comentários;R. Conrado Cabral, 711 - Monte Castelo, Fortaleza - CE, 60325-440;$$;1-2,5 horas;restaurante;restaurante;-3.7276733;-38.5492338
Tropical Restaurante;4.4;91 comentários;R. da Assunção, 16 - Centro, Fortaleza - CE, 60050-010;$;20-45 min;restaurante;restaurante;-3.7302501;-38.5274071
Bom Prato;4.3;412 comentários;Rua General Bezerril, 503 - Centro, Fortaleza - CE, 60055-100;$$;;restaurante;restaurante;-3.7278305;-38.5266191
Carneiro do Ordones;4.6;26.480 comentários;R. Azevedo Bolão, 571 - Parquelândia, Fortaleza - CE, 60450-675;$$;1-2,5 horas;restaurante;restaurante;-3.7351928;-38.5496331
Arcos Comidas e Bebidas;4.4;708 comentários;R. Padre Mororó, 2342 - Farias Brito, Fortaleza - CE, 60015-221;$$;30 min a 1,5 h;restaurante;restaurante;-3.737033;-38.541092
Cantina Primu's Self-Service;4.4;219 comentários;R. Barão do Rio Branco, 1469 - Centro, Fortaleza - CE, 60025-060;$;30 min;restaurante;restaurante;-3.7312351;-38.529546
Garfo Self-service;4.6;518 comentários;R. Major Facundo, 259 - Centro, Fortaleza - CE, 60025-100;$$;45 min;restaurante;restaurante;-3.7253061;-38.5270564
Mandir.amor Restaurante Vegano;4.8;1.904 comentários;Rua Padre Francisco Pinto, 257 - Benfica, Fortaleza - CE, 60020-290;$;25 min a 1 h;restaurante;restaurante;-3.7441125;-38.5396343
Barraca marisol;4.3;99 comentários;Av. Rui Barbosa, 50 - Meireles, Fortaleza - CE, 60165-050;Restaurante;1-2 horas;restaurante;restaurante;-3.72326;-38.5052958
Rio Restaurante De Praia;4.3;67 comentários;R. Dr. Bernardo Feitosa, 510 - Edson Queiroz, Fortaleza - CE, 60835-775;$$;;restaurante;restaurante;-3.7778819;-38.4344335
Johnny Rockets;4.5;2.514 comentários;Av. Washington Soares, 85 - Edson Queiroz, Fortaleza - CE, 60811-341;$$;25 min a 1,5 h;restaurante;restaurante;-3.7554302;-38.4887659
Mar de Rosas;4.7;774 comentários;R. dos Tabajaras, 542 - Praia de Iracema, Fortaleza - CE, 60060-510;$$;1-2,5 horas;restaurante;restaurante;-3.7197787;-38.5150068
Restaurante Mariano da Picanha;4.0;1.231 comentários;Av. Monsenhor Tabosa, 1712 - Meireles, Fortaleza - CE, 60165-010;$$;;restaurante;restaurante;-3.7247532;-38.5040675
Domino's Pizza;4.0;129 comentários;Av. Coronel Miguel Dias, 1149 - Guararapes, Fortaleza - CE, 60810-160;$$;25 min;restaurante;restaurante;-3.7665042;-38.4872258
Empório Divino Restaurante;4.5;634 comentários;R. Alberto Magno, 100 - Montese, Fortaleza - CE, 60416-135;$$;25 min a 1,5 h;restaurante;restaurante;-3.7545898;-38.5410511
Restaurante Kitanda;4.4;80 comentários;Av. Tristão Gonçalves, 823 - Centro, Fortaleza - CE, 60015-000;Restaurante;30 min;restaurante;restaurante;-3.7290918;-38.5334714
Arupemba Restaurante;4.9;7 comentários;R. dos Tabajaras, 325 - Praia de Iracema, Fortaleza - CE, 60060-510;Restaurante;;restaurante;restaurante;-3.7191838;-38.5166927
Carneiro do Ordones Jovita: Churrasco, Pratos Executivos, Cerveja, Restaurante, Delivery Fortaleza CE;4.5;254 comentários;Av. Jovita Feitosa, 289 - Parquelândia, Fortaleza - CE, 60455-410;Restaurante;1-2,5 horas;restaurante;restaurante;-3.7403644;-38.559135
Kina Restaurante;4.1;25 comentários;Av. Washington Soares, 85 - Edson Queiroz, Fortaleza - CE, 60810-350;Restaurante;;restaurante;restaurante;-3.7554302;-38.4887659
Delicias grill;4.5;11 comentários;Rua Coronel Linhares, 887 - Meireles, Fortaleza - CE, 60170-240;Restaurante;30 min;restaurante;restaurante;-3.7342711;-38.4934036
Irmão Restaurante;4.3;25 comentários;Av. Almirante Barroso, 911 - Praia de Iracema, Fortaleza - CE, 60060-440;$;;restaurante;restaurante;-3.720039;-38.5148607
Delícias Grill - José Bonifacio;4.5;497 comentários;R. Eusébio de Souza, 1410 - José Bonifacio, Fortaleza - CE, 60050-110;$;30 min;restaurante;restaurante;-3.7405352;-38.5264335
Delicie Do Casal 20;5.0;Um comentário;Av. Beira Mar - Meireles, Fortaleza - CE, 60165-120;Restaurante de comida caseira;;restaurante;restaurante;-3.7257069;-38.4968321
China Gourmet;4.2;568 comentários;R. Rodrigues Júnior, 1063 - Centro, Fortaleza - CE, 60110-001;$;;restaurante;restaurante;-3.7341254;-38.5214597
Fortaleza;;;Shopping Iguatemi - Edson Queiroz, Fortaleza - CE, 60810-350;;;restaurante;restaurante;-3.7554302;-38.4887659
Restaurante;;;R. Antônio Pompeu, 1710 - Centro, Fortaleza - CE, 60040-000;;;restaurante;restaurante;-3.7321575;-38.5386912
Centro Cultural Annapurna;4.7;266 comentários;R. Paracuru, 34 - Centro, Fortaleza - CE, 60055-161;$;30 min a 1,5 h;restaurante;restaurante;-3.7310824;-38.5244166
Panelada Vip Restaurante;4.5;24 comentários;R. Gen. Clarindo de Queiroz, 1745 - Centro, Fortaleza - CE, 60035-131;Mercado de produtos agrícolas;;restaurante;restaurante;-3.7300486;-38.5391596
Abaeté Boteco;4.6;746 comentários;R. Barão de Aracati, 2899 - Joaquim Távora (Fortaleza), Fortaleza - CE, 60115-082;$$;;restaurante;restaurante;-3.7467458;-38.5163273
Bar & Restaurante;3.4;23 comentários;Rua Capitão Gustavo - SÃO JOÃO, Fortaleza - CE, 60120-340;Bar;;restaurante;restaurante;-3.7553138;-38.5167409
Fortaleza;;;Vila Bachá, 15 - Meireles, Fortaleza - CE, 60160-050;;;restaurante;restaurante;-3.7269263;-38.5127401
Maria Clara Self Service;4.6;70 comentários;Rua General Bezerril, 503 - Centro, Fortaleza - CE, 60055-100;Restaurante;45 min;restaurante;restaurante;-3.7278305;-38.5266191
Restaurante Mariano da Picanha;4.0;1.231 comentários;Av. Monsenhor Tabosa, 1712 - Meireles, Fortaleza - CE, 60165-010;$$;;restaurante;restaurante;-3.7247532;-38.5040675
Cora;4.7;709 comentários;Rua Padre Luís Figueira, 252 - Aldeota, Fortaleza - CE, 60150-120;$$;30 min a 1,5 h;restaurante;restaurante;-3.7325089;-38.5148593
Choppicanha | Restaurante;4.4;2.502 comentários;Av. Jovita Feitosa, 191 - Parquelândia, Fortaleza - CE, 60455-410;$$;;restaurante;restaurante;-3.7377552;-38.5456464
Papudim Bar e Restaurante;4.5;157 comentários;Praça Pelotas, 38 - Centro, Fortaleza - CE, 60110-210;Bar;;restaurante;restaurante;-3.7270375;-38.5155256
Restaurante Reginaldo grill;4.4;1.192 comentários;R. Raimundo Arruda, 516 - Parque Araxá, Fortaleza - CE, 60450-500;Restaurante;;restaurante;restaurante;-3.7380103;-38.5512958
Coco Bambu Coffee Break: Cafés, Padaria, Restaurante, Drive Thru, Fortaleza CE;4.6;609 comentários;R. Barão de Aracati, 1060 - Aldeota, Fortaleza - CE, 60115-081;$$$;25 min a 1,5 h;restaurante;restaurante;-3.7302632;-38.5112711
Porquilo Self-Service;4.6;1.101 comentários;R. Barão do Rio Branco, 1221 - Centro, Fortaleza - CE, 60025-061;$$;45 min;restaurante;restaurante;-3.7290955;-38.5288828
Flores RestôBar;;;R. Xavier de Castro, 68 - Praia de Iracema, Fortaleza - CE, 60060-660;;;restaurante;restaurante;-3.7214028;-38.5125811
Restaurante Caicó Benfica;4.2;1.841 comentários;R. Paulino Nogueira, 41 - Benfica, Fortaleza - CE, 60020-270;$$;;restaurante;restaurante;-3.7443072;-38.5376805
Fortaleza;;;Farias Brito, Fortaleza - CE, 60010-730;;;restaurante;restaurante;-3.7296496;-38.5430883
Fone Pizza Restaurante;4.6;1.749 comentários;Av. Jovita Feitosa, 1152 - Parquelândia, Fortaleza - CE, 60455-410;$$;;restaurante;restaurante;-3.7393101;-38.5544242
Restaurante;;;R. Pereira Valente - Meireles, Fortaleza - CE, 60160-250;;;restaurante;restaurante;-3.7330593;-38.4946452
No Alvo Futebol Society, Paintball, Racha, Restaurante Fortaleza;4.4;1.205 comentários;Av. Comodoro Estácio Brigido, 2263 - Luciano Cavalcante, Fortaleza - CE, 60813-670;Campo de futebol;;restaurante;restaurante;-3.777589;-38.4858972
Restaurante Comida Cazeira;;;Av. Pintor Antônio Bandeira, 97 - Cais do Porto, Fortaleza - CE, 60180-476;;;restaurante;restaurante;-3.717752;-38.4670871
Itaparika;;;Centro, Fortaleza - CE, 60050-080;;;restaurante;restaurante;-3.7281287;-38.527412
Restaurante;;;Av. Beira Mar, 2340 - Meireles, Fortaleza - CE, 60165-121;;;restaurante;restaurante;-3.7253209;-38.499808
Domino's Pizza - Praia de Iracema;4.3;78 comentários;Av. Monsenhor Tabosa, 1101 - Meireles, Fortaleza - CE, 60165-065;$$;20-45 min;restaurante;restaurante;-3.7240625;-38.5093807
Restaurante Mariano da Picanha;4.0;1.231 comentários;Av. Monsenhor Tabosa, 1712 - Meireles, Fortaleza - CE, 60165-010;$$;;restaurante;restaurante;-3.7247532;-38.5040675
Proeiro Restaurante;4.8;37 comentários;R. Barão de Aracati, 2706 - Joaquim Távora (Fortaleza), Fortaleza - CE, 60115-082;Restaurante;;restaurante;restaurante;-3.7449701;-38.5160944
Restaurante Barãozinho;3.5;2 comentários;R. Barão do Rio Branco, 1469 - José Bonifacio, Fortaleza - CE, 60025-061;Restaurante brasileiro;;restaurante;restaurante;-3.7365879;-38.5314796
Restaurante O Assis;;;R. Rufino de Alencar, 272 - Centro, Fortaleza - CE, 60060-145;;;restaurante;restaurante;-3.7242669;-38.5212876
Juliana's Restaurante;5.0;Um comentário;R. Sena Madureira, 914 - Centro, Fortaleza - CE, 60055-080;Restaurante self-service;;restaurante;restaurante;-3.7295111;-38.5256788
Restaurante almoço;;;Rua Perboyre e Silva, 130 - Centro, Fortaleza - CE, 60030-200;;;restaurante;restaurante;-3.7289236;-38.5269172
Bar e Restaurante Euguimas;;;R. da Assunção, 119 - Centro, Fortaleza - CE, 60050-011;;;restaurante;restaurante;-3.7313088;-38.5272305
Restaurante Águas Bellas;;;Centro, Fortaleza - CE, 60060-090;;;restaurante;restaurante;-3.7281287;-38.527412
Mjs bisqui;;;Centro, Fortaleza - CE, 60050-040;;;restaurante;restaurante;-3.7281287;-38.527412
Francilene sousa;;;Centro, Fortaleza - CE, 60050-040;;;restaurante;restaurante;-3.7281287;-38.527412
Indie Bistrô & Arte;4.5;110 comentários;R. Marcondes Pereira, 43 - Joaquim Távora (Fortaleza), Fortaleza - CE, 60130-060;$$;;restaurante;restaurante;-3.746249;-38.5160525
Restaurante;5.0;Um comentário;R. Ímpar, 118 - Álvaro Weyne, Fortaleza - CE, 60335-540;Restaurante sérvio;;restaurante;restaurante;-3.7169421;-38.5688264
Padaria Romana (Centro);4.2;865 comentários;Av. Duque de Caxias, 137 - Centro, Fortaleza - CE, 60035-110;$$;15 min;restaurante;restaurante;-3.7332593;-38.5259202
Bolo;;;Santa rosa - Santa Rosa, Fortaleza - CE, 60703-105;;;restaurante;restaurante;-4.2186364;-38.8894236
Restaurante;3.0;Um comentário;R. Gama, 170 - Vila Velha, Fortaleza - CE, 60349-330;Restaurante;;restaurante;restaurante;-3.7121605;-38.6020164
Restaurante;;;Rua Ministro Antônio Coelho - Vila Velha, Fortaleza - CE, 60347-230;;;restaurante;restaurante;-3.7144392;-38.5923341
Pastel Quente;4.6;21 comentários;Av. Duque de Caxias, 235 - Centro, Fortaleza - CE, 60035-111;Pastelaria brasileira;;restaurante;restaurante;-3.7332429;-38.5267718
Doha Bar;4.3;678 comentários;R. Firmino Rocha Aguiar, 1845 - Guararapes, Fortaleza - CE, 60810-165;$$;3,5 horas;bar;bar;-3.7633048;-38.4838239
Fuxiko beer;4.4;490 comentários;R. Almeida Prado, 1013 - Cocó, Fortaleza - CE, 60192-270;$$;1-3 horas;bar;bar;-3.7454898;-38.4756519
Bulls Beer House Parquelândia;4.5;3.658 comentários;R. Gustavo Sampaio, 800 - Parquelândia, Fortaleza - CE, 60450-500;$$;;bar;bar;-3.7341609;-38.5517721
Santa Gela;4.4;752 comentários;R. Eduardo Garcia, 282 - Aldeota, Fortaleza - CE, 60150-100;$$;;bar;bar;-3.7390916;-38.4966239
Teresa & Jorge;4.4;2.076 comentários;R. João Cordeiro, 540 - Centro, Fortaleza - CE, 60110-300;$$;45 min a 3 h;bar;bar;-3.7251323;-38.5130713
Bomtequim Bar;4.6;766 comentários;Rua Monsenhor Furtado, 2074 - Bela Vista, Fortaleza - CE, 60441-750;$$;;bar;bar;-3.756217;-38.5581789
Moita Bar;4.0;331 comentários;R. Ildefonso Albano, 923 - Aldeota, Fortaleza - CE, 60115-125;$$;;bar;bar;-3.7290891;-38.5116886
Lobby Bar;4.9;7 comentários;Av. Beira Mar, 3980 - Mucuripe, Fortaleza - CE, 60165-121;Bar;;bar;bar;-3.7238739;-38.4853987
Bar dos Otários;4.5;36 comentários;Av. Central, 219 - Cidade 2000, Fortaleza - CE, 60190-611;Bar;;bar;bar;-3.7498157;-38.4718429
KUKUKAYA;4.3;732 comentários;Av: Pontes Vieira, 55 - Joaquim Távora (Fortaleza), Fortaleza - CE, 60055-172;$$;1,5-5 horas;bar;bar;-3.7531292;-38.5196918
Mormaço Bar;4.7;144 comentários;Rua Isac Meyer, 345 - Aldeota, Fortaleza - CE, 60160-200;Bar;1,5-3 horas;bar;bar;-3.7303226;-38.5116729
Viva Varjota Bar Restô;4.1;37 comentários;R. Frederico Borges, 192 - Meireles, Fortaleza - CE, 60175-040;Bar;;bar;bar;-3.7311374;-38.4894775
Bar do Helano;4.6;186 comentários;R. Carlos Vasconcelos, 2310 - Joaquim Távora (Fortaleza), Fortaleza - CE, 60115-171;$$;;bar;bar;-3.7420515;-38.5138206
Serpentina Bar e Cultura;4.5;620 comentários;Av. Heráclito Graça, 760 - Centro, Fortaleza - CE, 60140-060;$$;;bar;bar;-3.7358362;-38.5178617
Bar do Railson - Aldeota;4.3;762 comentários;R. Costa Barros, 2157 - Aldeota, Fortaleza - CE, 60180-181;$$;3 horas;bar;bar;-3.7321808;-38.5059619
Bar do Reggae;4.3;23 comentários;R. Tremembés, 108 - Praia de Iracema, Fortaleza - CE, 60060-250;Bar;;bar;bar;-3.7198466;-38.5160132
Autoral Comedy Bar;4.7;432 comentários;Av. Santos Dumont, 2035 - Aldeota, Fortaleza - CE, 60000-000;$$;2,5 horas;bar;bar;-3.7335306;-38.5058809
Bar do Mincharia;4.3;1.022 comentários;R. dos Pacajús, 5 - Praia de Iracema, Fortaleza - CE, 60060-520;$$;1-3 horas;bar;bar;-3.719333;-38.5144278
Ancho Gastrobar;4.6;517 comentários;R. Andrade Furtado, 2800 - Manuel Dias Branco, Fortaleza - CE, 60191-345;Restaurante;1,5-3 horas;bar;bar;-3.7498362;-38.4670454
Praiow Bar da Praia;4.4;342 comentários;Av. Clóvis Arrais Maia, 5515 - Praia do Futuro II, Fortaleza - CE, 60183-696;$$;;bar;bar;-3.753153;-38.4456478
Bar do Paraíba;4.4;2.600 comentários;R. Paulino Nogueira, 69 - Benfica, Fortaleza - CE, 60020-270;$$;;bar;bar;-3.7440737;-38.5377639
O Chopp do Bixiga;4.4;1.594 comentários;R. Dragão do Mar, 108 - Centro, Fortaleza - CE, 60060-390;$$;;bar;bar;-3.7219888;-38.5200377
Barbarians Pub;4.4;2.548 comentários;R. Waldery Uchôa, 42 - Benfica, Fortaleza - CE, 60020-110;$$;;bar;bar;-3.7424818;-38.5375983
Sr. Petisco Bar e Petiscaria;4.3;1.211 comentários;R. Barão de Aratanha, 1251 - Fátima, Fortaleza - CE, 60050-070;$$;;bar;bar;-3.7438189;-38.5298984
Brewstone Pub;4.6;441 comentários;Rua Marvin, 1060 - Parque Manibura, Fortaleza - CE, 60821-790;Cervejaria;;bar;bar;-3.7908545;-38.4837507
Brasileirinho Sport Bar;1.0;2 comentários;Rua Frei Mansueto, 1565 - Varjota, Fortaleza - CE, 60175-070;Bar;;bar;bar;-3.7370768;-38.4885524
Bar Do Sitônio;4.5;187 comentários;Av. Edilson Brasil Soares, 2221 - Edson Queiroz, Fortaleza - CE, 60834-005;$;;bar;bar;-3.7885108;-38.4699635
Barraquinha Do Resenha;5.0;3 comentários;Av. Beira Mar, 4320 - Meireles, Fortaleza - CE, 60165-121;Bar;;bar;bar;-3.7233377;-38.4876583
Fazendinha Country Bar;4.3;1.853 comentários;R. Gustavo Sampaio, 2500 - Parquelândia, Fortaleza - CE, 60455-001;$$$;;bar;bar;-3.7351323;-38.5579468
Junior's Bar;;;Rua Paula Ney, 855 - Aldeota, Fortaleza - CE, 60140-200;;;bar;bar;-3.7417735;-38.490674
Gandaia Bar & Club;4.6;353 comentários;R. Dragão do Mar, 72 - Praia de Iracema, Fortaleza - CE, 60060-195;$$;3-5,5 horas;bar;bar;-3.7218332;-38.5186137
Bar do Railson;4.1;2.590 comentários;R. Juvenal de Carvalho, 864 - Fátima, Fortaleza - CE, 60050-220;$$;15 min a 2 h;bar;bar;-3.7493558;-38.5248007
Boteco do Arlindo;4.3;528 comentários;R. Carlos Gomes, 83 - José Bonifacio, Fortaleza - CE, 60040-230;$$;;bar;bar;-3.7415597;-38.5269114
Covil Rock'n Bar;4.7;231 comentários;Av. Treze de Maio, 2382 - Fátima, Fortaleza - CE, 60040-531;$;;bar;bar;-3.7502342;-38.5283245
Jardins Lounge Bar;4.6;1.888 comentários;Av. Oliveira Paiva, 2061 - Cidade dos Funcionários, Fortaleza - CE, 60822-131;$$;;bar;bar;-3.795913;-38.4971397
Snake Bar;4.8;140 comentários;R. Carapinima, 1994 - Benfica, Fortaleza - CE, 60015-290;Bar;;bar;bar;-3.7382463;-38.5386152
Moreno's Bar;4.1;160 comentários;Av. Duque de Caxias, 483 - Centro, Fortaleza - CE, 60035-110;$;1-3 horas;bar;bar;-3.7324426;-38.5289025
Florida Bar;4.2;441 comentários;Rua Dom Joaquim, 68 - Centro, Fortaleza - CE, 60110-100;$$;25 min a 2 h;bar;bar;-3.7243796;-38.5165465
Kareka's Bar;4.0;45 comentários;Av. Filomeno Gomes, 100 - Jacarecanga, Fortaleza - CE, 60010-280;$;;bar;bar;-3.7203182;-38.5414107
Consultório Bar;4.0;2 comentários;Av. César Cals, 950 - Vicente Pinzon, Fortaleza - CE, 60182-035;Bar;;bar;bar;-3.7260112;-38.4621754
Maloca Bar;5.0;3 comentários;R. Liberato Barroso, 705 - Centro, Fortaleza - CE, 60030-160;Bar;;bar;bar;-3.7271101;-38.5320444
Bar da Cidade;4.4;502 comentários;Av. Desembargador Gonzaga, 706 - Cidade dos Funcionários, Fortaleza - CE, 60823-012;$$;;bar;bar;-3.7938064;-38.5014232
Marcelo Bar;4.2;50 comentários;Rua Dona Leopoldina, 632 - Centro, Fortaleza - CE, 60110-000;$;;bar;bar;-3.7300752;-38.5191875
Alenca's Bar;4.3;1.551 comentários;R. Gustavo Sampaio, 692 - Parquelândia, Fortaleza - CE, 60455-000;$$;;bar;bar;-3.734071;-38.5510321
Petiskyne Bar e Petiscaria;4.4;669 comentários;Av. Desembargador Gonzaga, 1429 - Cidade dos Funcionários, Fortaleza - CE, 60823-005;$$;;bar;bar;-3.7961169;-38.5003755
Buddies Bar;4.9;27 comentários;Rua Coronel Sólon, 460 - José Bonifacio, Fortaleza - CE, 60040-270;Bar e Grill;;bar;bar;-3.7430184;-38.5281963
De Vóisse Bar e Karaokê;4.4;630 comentários;R. dos Pracinhas, 937 - Benfica, Fortaleza - CE, 60015-331;$$;;bar;bar;-3.7376151;-38.5426552
Mor Bar e Espetaria;5.0;9 comentários;Av. Antônio Sales, 1340 - Joaquim Távora (Fortaleza), Fortaleza - CE, 60135-100;Bar;;bar;bar;-3.7428108;-38.5119239
Budega's Rock'n Bar;4.8;24 comentários;Rua Padre Francisco Pinto, 358 - Benfica, Fortaleza - CE, 60020-290;Bar;;bar;bar;-3.7433187;-38.5400963
Papudim Bar e Restaurante;4.5;156 comentários;Praça Pelotas, 38 - Centro, Fortaleza - CE, 60110-210;Bar;2-4 horas;bar;bar;-3.7270375;-38.5155256
Bar O Camocim;4.5;104 comentários;R. Padre Mororó, 1012 - Centro, Fortaleza - CE, 60015-220;$;30 min a 2 h;bar;bar;-3.7255516;-38.5376141
88 Bier Bar, Pub, Rock e Happy Hour;4.7;1.132 comentários;Av. Humberto Monte, 2535 - Bela Vista, Fortaleza - CE, 60440-593;$$;;bar;bar;-3.7444559;-38.564419
Rock 80;4.3;210 comentários;R. Raimundo Arruda, 54A - Parque Araxá, Fortaleza - CE, 60450-500;$$;2-4 horas;bar;bar;-3.7359755;-38.5515901
Pitombeira Bar;4.2;1.586 comentários;R. Padre Miguelino, 2750 - Fátima, Fortaleza - CE, 60040-300;$;;bar;bar;-3.7434089;-38.5314023
Autorama Cruising Bar;3.9;14 comentários;R. Major Facundo, 1193 - Centro, Fortaleza - CE, 60025-101;Bar gay;1-2,5 horas;bar;bar;-3.7334366;-38.5295669
Barraca do França;3.8;38 comentários;Meireles, Fortaleza - CE, 60165-121;Bar;;bar;bar;-3.7278218;-38.5003721
Dock 85;4.6;17 comentários;Av. Dioguinho, 4740 - Praia do Futuro, Fortaleza - CE, 60183-706;Bar;;bar;bar;-3.7643443;-38.441813
LOCANDA PUB;4.3;17 comentários;Av. Rui Barbosa, 1295 - Aldeota, Fortaleza - CE, 60115-221;Bar de cervejas;;bar;bar;-3.7366353;-38.5096351
Calçadinha Bar;4.0;16 comentários;R. Carlos Vasconcelos, 692 - Meireles, Fortaleza - CE, 60115-170;Bar;1,5-3,5 horas;bar;bar;-3.728036;-38.5093036
Bar do Vinil;4.5;286 comentários;R. Vasco da Gama, 920-A - Montese, Fortaleza - CE, 60420-470;$$;1-2,5 horas;bar;bar;-3.7636546;-38.5472142
Vila Camaleão Meireles: Bar, Pagode em Fortaleza CE;4.4;1.415 comentários;Av. Barão de Studart, 671 - Meireles, Fortaleza - CE, 60120-000;$$;;bar;bar;-3.7300544;-38.5048981
Bambs Bar e Restaurante;4.7;30 comentários;R. Floriano Peixoto, 1166 - Centro, Fortaleza - CE, 60025-131;Bar;25 min a 2 h;bar;bar;-3.7345589;-38.529518
Taberna Bar;4.4;469 comentários;Rua Marechal Deodoro, 1070 - Benfica, Fortaleza - CE, 60020-061;$;1-3 horas;bar;bar;-3.7446526;-38.5374556
Giz Cozinha Boêmia;4.6;1.581 comentários;Rua Professor Dias da Rocha, 579 - Meireles, Fortaleza - CE, 60170-310;Restaurante brasileiro;1,5-3,5 horas;bar;bar;-3.7349318;-38.4911447
Barzinho Menos é Mais;5.0;4 comentários;R. Nené Gonçalves - Dias Macedo, Fortaleza - CE, 60860-350;Bar;;bar;bar;-3.7865422;-38.5189716
Bar Belissima;4.1;27 comentários;R. Lineu Jucá, 115 - Vila União, Fortaleza - CE, 60420-090;Bar;;bar;bar;-3.7693994;-38.5323095
Texas Bar;4.5;155 comentários;R. Pedro de Queirós, 838 - Amadeu Furtado, Fortaleza - CE, 60450-225;Bar;;bar;bar;-3.7425542;-38.559386
Bar dos Africanos;4.8;19 comentários;Av. Domingos Olímpio, 123 - José Bonifacio, Fortaleza - CE, 60040-080;Bar de cervejas;;bar;bar;-3.7387419;-38.5250989
Bar Da Amizade;5.0;2 comentários;R. Vinte e Cinco de Março, 1068 - Centro, Fortaleza - CE, 60060-120;Bar;;bar;bar;-3.7276624;-38.521971
The Dias Bar;4.6;13 comentários;Av. José Bastos, 3295 - Damas, Fortaleza - CE, 60431-086;Bar;;bar;bar;-3.7489635;-38.548572
Republic Bar e Bistrô;4.3;104 comentários;R. Waldery Uchôa, 188 - Benfica, Fortaleza - CE, 60020-110;Restaurante italiano;1,5-3,5 horas;bar;bar;-3.7435835;-38.5387202
Danilo S Bar;4.5;10 comentários;R. Gustavo Sampaio, 1151 - Parquelândia, Fortaleza - CE, 60455-001;Bar;;bar;bar;-3.7352451;-38.5549567
Buteco Vangrill's;4.7;27 comentários;Rua Mestre Rosa, 176 - José Bonifacio, Fortaleza - CE, 60040-250;Bar;;bar;bar;-3.7414693;-38.5255591
Boteco do Illa;4.2;109 comentários;Av. Beira Mar, 1800 - Praia de Iracema, Fortaleza - CE, 60165-065;Bar;1-2,5 horas;bar;bar;-3.7200863;-38.5122823
Bar Da Fran;5.0;Um comentário;Av. Visconde do Rio Branco, 1321 - Centro, Fortaleza - CE, 60055-170;Bar;;bar;bar;-3.7340609;-38.5244881
Vila Bar;4.3;11 comentários;R. Delmiro Gouvêia, 400 - Varjota, Fortaleza - CE, 60175-090;Bar;;bar;bar;-3.7327016;-38.488236
Seu Gentil bar e restô;4.7;109 comentários;R. João Gentil, 291 - Benfica, Fortaleza - CE, 60020-100;Bar;1-3 horas;bar;bar;-3.7447269;-38.5387818
Boteco da Vila;4.4;317 comentários;R. Pereira Filgueiras, 1111 - Aldeota, Fortaleza - CE, 60160-150;Bar e Grill;;bar;bar;-3.7281667;-38.5130245
Barraca da Boa;4.2;7.972 comentários;Av. Beira Mar, 2571 - Meireles, Fortaleza - CE, 60165-121;$$;;bar;bar;-3.7251279;-38.4980886
Bar do Aracati;4.0;4 comentários;Rua Dr. Atualpa Barbosa Lima, 125 - Praia de Iracema, Fortaleza - CE, 60060-370;Bar;;bar;bar;-3.7231331;-38.5138023
Bar do Zé Bezerra;4.4;369 comentários;Rua Dom Manuel de Medeiros, 71 - Parque Araxá, Fortaleza - CE, 60450-605;$;;bar;bar;-3.735283;-38.5449306
Rancho do Poço;;;R. Oscar Benevides, 90 - Mondubim, Fortaleza - CE, 60762-270;$$;;bar;bar;-3.8102689;-38.5732402
The Bar | Pub;4.5;3.103 comentários;Av. Lineu Machado, 1514 - João XXIII, Fortaleza - CE, 60525-566;$$;;bar;bar;-3.7727613;-38.5805164
Moleskine Gastrobar;;;Rua Professor Dias da Rocha, 578 - Meireles, Fortaleza - CE, 60170-310;$$$;;bar;bar;-3.7345721;-38.4915319
Abaeté Boteco;4.6;743 comentários;R. Barão de Aracati, 2899 - Joaquim Távora (Fortaleza), Fortaleza - CE, 60115-082;$$;;bar;bar;-3.7467458;-38.5163273
Torcida Fiel CE;4.7;92 comentários;R. Castro Alves, 513 - Joaquim Távora (Fortaleza), Fortaleza - CE, 60130-210;Bar;;bar;bar;-3.7496465;-38.516256
Villa Roma Pizza Bar;4.3;613 comentários;Rua Professor Dias da Rocha, 430 - Meireles, Fortaleza - CE, 60160-140;Pizzaria;1-3 horas;bar;bar;-3.7328669;-38.4909968
Vibe 085;4.6;172 comentários;Rua Manuel Queirós, 511 - Cocó, Fortaleza - CE, 60192-220;$$;2-4,5 horas;bar;bar;-3.7490524;-38.4672143
CASA VIP;;;R. Melvin Jones, 65 - Centro, Fortaleza - CE, 60055-450;;;bar;bar;-3.7288785;-38.5249448
Bar Do Dé;4.3;45 comentários;Rua Fonseca Lobo, 100 - Aldeota, Fortaleza - CE, 60175-020;Bar;;bar;bar;-3.7445176;-38.4913507
Bar e Lanchonete O Sobral;4.4;91 comentários;Rua 24 de Maio, 940 - Centro, Fortaleza - CE, 60020-001;$;;bar;bar;-3.7330852;-38.5340039
Apelo Piadineria;;;R. Norvinda Píres, 55 - Aldeota, Fortaleza - CE, 60150-280;$$$;45 min a 3 h;bar;bar;-3.7370735;-38.501049
Brom's Bar Fun 4 You;3.8;9 comentários;Rua dos Potiguaras, 110 - Praia de Iracema, Fortaleza - CE, 60060-500;Bar;;bar;bar;-3.7199279;-38.5162258
Bar Café;4.6;125 comentários;Av. Rogaciano Leite, 247 - Cocó, Fortaleza - CE, 60810-001;$;;bar;bar;-3.7661123;-38.4961593
Soul Fit Juice Bar;4.5;139 comentários;R. Ana Bilhar, 987 - 3 - Meireles, Fortaleza - CE, 60160-110;Bar;;bar;bar;-3.7310023;-38.4905449
Bar do Serginho;4.3;49 comentários;Av. Central, 183 - Cidade 2000, Fortaleza - CE, 60190-611;Bar;;bar;bar;-3.7499985;-38.4717238
Deixe Comigo Bar;4.6;140 comentários;R. Castro Alves, 520 - Joaquim Távora (Fortaleza), Fortaleza - CE, 60130-210;Bar;;bar;bar;-3.7498802;-38.5160922
Zipi Bar;4.3;347 comentários;Av. Almirante Barroso, 944 - Praia de Iracema, Fortaleza - CE, 60060-440;$$;;bar;bar;-3.7202666;-38.5143859
Barzinho Do Flavio;4.5;90 comentários;Tv. Ianês, 31 - Bonsucesso, Fortaleza - CE, 60721-060;$;20 min a 1,5 h;bar;bar;-3.7757484;-38.5841743
taberna drinks;5.0;7 comentários;Rua Araripe Macêdo, 819 - João XXIII, Fortaleza - CE, 60525-562;Bar;;bar;bar;-3.7705549;-38.5814493
Cine House;3.6;73 comentários;R. Meton de Alencar, 363 - Centro, Fortaleza - CE, 60035-160;$;30 min a 1,5 h;bar;bar;-3.7349045;-38.5274333
Órbita Blue;4.5;7.272 comentários;Av. Clóvis Arrais Maia, 3879 - Vicente Pinzon, Fortaleza - CE, 60182-026;$$;;bar;bar;-3.726517;-38.4601726
Espetinho Roots BAR;4.2;20 comentários;R. Castro Alves, 518 - Joaquim Távora (Fortaleza), Fortaleza - CE, 60130-210;Bar;;bar;bar;-3.7499307;-38.5161486
After Bar;4.9;20 comentários;R. Castro Alves, 518 - Joaquim Távora (Fortaleza), Fortaleza - CE, 60130-210;Restaurante;;bar;bar;-3.7499307;-38.5161486
It's True! Food Bar;4.8;151 comentários;R. Joaquim Siqueira, 42 - Aldeota, Fortaleza - CE, 60170-080;$$;;bar;bar;-3.7364901;-38.4958802
Bar Edmar Drinks;4.0;43 comentários;Rua Engenheiro João Nogueira - Carlito Pamplona, Fortaleza - CE, 60311-820;$$;;bar;bar;-3.7132477;-38.5570763
Casa523Bar;5.0;Um comentário;R. Castro Alves, 523 - Joaquim Távora (Fortaleza), Fortaleza - CE, 60130-210;Bar com música ao vivo;;bar;bar;-3.749606;-38.5162064
bar;4.3;11 comentários;R. Porto Alegre, 1510 - Henrique Jorge, Fortaleza - CE, 60510-205;Bar;25 min a 1,5 h;bar;bar;-3.7595088;-38.5916926
Tioria bar;5.0;3 comentários;R. Gonçalves Lêdo, 1065 - Centro, Fortaleza - CE, 60110-261;Bar;;bar;bar;-3.7333317;-38.5164743
NOTURNA MUSIC BAR;4.5;121 comentários;Av. Almirante Barroso, 877 - Praia de Iracema, Fortaleza - CE, 60060-440;Bares;;bar;bar;-3.7200054;-38.5153098
Ritmo Urbano;4.4;883 comentários;R. dos Tabajaras, 374 - Praia de Iracema, Fortaleza - CE, 60060-510;$$;;bar;bar;-3.7194274;-38.5164816
Blue Door Pub;4.2;761 comentários;R. Joaquim Nabuco, 1333 - Aldeota, Fortaleza - CE, 60125-055;$$;;bar;bar;-3.7370268;-38.5017195
Bar Esconderijo;4.5;129 comentários;Av. João Pessoa, 4558 - Damas, Fortaleza - CE, 60425-812;$;4,5 horas;bar;bar;-3.752598;-38.5498942
Amsterdam C. Bar;4.2;83 comentários;R. José Avelino, 349 - Praia de Iracema, Fortaleza - CE, 60060-360;Casa noturna;2,5-5 horas;bar;bar;-3.7225942;-38.5163917
Hoje Tem - Bar e Petiscaria;4.8;10 comentários;R. Carvalho Júnior, 510a - São João do Tauape, Fortaleza - CE, 60130-460;Bar;;bar;bar;-3.7586828;-38.5122918
David's Drinks & Petiscos;5.0;Um comentário;R. Barão de Aratanha, 200 - Centro, Fortaleza - CE, 60050-070;Bar;;bar;bar;-3.7346648;-38.5271822
Bar Dos Amigos;4.6;7 comentários;R. João Cordeiro, 2626 - Joaquim Távora (Fortaleza), Fortaleza - CE, 62150-000;Bar;;bar;bar;-3.7433333;-38.5191932
Bar do Ferro Velho;4.0;82 comentários;R. Confúcio Pamplona, 352 - Benfica, Fortaleza - CE, 60015-390;$;;bar;bar;-3.7402045;-38.5371991
Hells Bar;4.0;4 comentários;Av. da Universidade, 2420 - Benfica, Fortaleza - CE, 60020-180;Bar;;bar;bar;-3.7381317;-38.5370225
Bar Gato Preto.;4.4;184 comentários;R. Instituto do Ceará, 7 - Benfica, Fortaleza - CE, 60015-300;$;;bar;bar;-3.7383097;-38.5367269
Bar do Pedrinho;4.5;47 comentários;R. Joaquim Magalhães, 18 - Benfica, Fortaleza - CE, 60040-160;$;;bar;bar;-3.7374031;-38.5353756
Jegue's Bar;4.5;4 comentários;Rua General Bezerril, 373 - Centro, Fortaleza - CE, 60055-100;Bar;;bar;bar;-3.7273446;-38.5266226
Gelson Bar;;;Av. Aguanambi, 1277 - Fátima, Fortaleza - CE, 60055-401;;;bar;bar;-3.7484872;-38.5239939
Tymtym Bar;5.0;Um comentário;Centro, Fortaleza - CE, 60055-080;Bar;;bar;bar;-3.7281287;-38.527412
Barraca do Michell (Beira Mar);4.5;2 comentários;Av. Beira Mar, 3561 - Meireles, Fortaleza - CE, 60165-121;Bares;;bar;bar;-3.7233377;-38.4876583
4 E 15;4.6;114 comentários;R. Confúcio Pamplona, 102 - Benfica, Fortaleza - CE, 60015-390;$;;bar;bar;-3.7394954;-38.5362844
Summer Beach Chopp Bar;5.0;2 comentários;R. Tremembés, 03 - Praia de Iracema, Fortaleza - CE, 60060-250;Bar;;bar;bar;-3.7198466;-38.5160132
Trailer Bar;4.6;29 comentários;Parque Manibura, Fortaleza - CE, 60822-040;$$;;bar;bar;-3.7916672;-38.4861101
Moto Libre;4.4;713 comentários;Av. Monsenhor Tabosa, 299 - Praia de Iracema, Fortaleza - CE, 60165-011;$$;;bar;bar;-3.723578;-38.5166523
Cactos Bar Fortaleza;5.0;Um comentário;Av. Beira Mar, 982 - Praia de Iracema, Fortaleza - CE, 60165-120;Bar;;bar;bar;-3.7200863;-38.5122823
Balangandã Bar;4.8;116 comentários;Rua Dona Leopoldina, 1380 - Centro, Fortaleza - CE, 60110-000;Bar;;bar;bar;-3.7300752;-38.5191875
Oporto Bar;2.5;2 comentários;Rua dos Potiguaras, 192 - Praia de Iracema, Fortaleza - CE, 60060-500;Restaurante;;bar;bar;-3.7198;-38.5166189
Avenida Bar;;;Av. Duque de Caxias, 455 - Centro, Fortaleza - CE, 60035-111;;;bar;bar;-3.7324766;-38.5285667
Bar Gaiola RockBar;4.4;53 comentários;Benfica, Fortaleza - CE, 60020-060;$;;bar;bar;-3.741486;-38.538855
Cazo Bar;3.0;Um comentário;R. Barão de Aratanha, 210 - Centro, Fortaleza - CE, 60050-070;Bar;;bar;bar;-3.7352199;-38.52715
bar;;;Rua Dona Leopoldina - Centro, Fortaleza - CE, 60110-000;;;bar;bar;-3.7300752;-38.5191875
Austin Pub;4.2;387 comentários;Av. Senador Virgílio Távora, 1727 - Meireles, Fortaleza - CE, 60170-250;$$$;2-5 horas;bar;bar;-3.7316369;-38.4915283
REMEMBER;3.6;13 comentários;R. dos Tabajaras, 368 - Praia de Iracema, Fortaleza - CE, 60060-510;Casa noturna;;bar;bar;-3.7194246;-38.5165551
Bar do Papion;;;R. Jacinto Matos, 850 - Jacarecanga, Fortaleza - CE, 60310-210;;;bar;bar;-3.7163184;-38.5464751
Complexo Crocobeach;4.6;32.429 comentários;Av. Clóvis Arrais Maia, 3125 - Praia Do Futuro, Fortaleza - CE, 60182-324;$$;;bar;bar;-3.7340348;-38.4558769
Bar e Restaurante Dois Irmãos;4.5;62 comentários;R. Pero Coelho, 136 - Centro, Fortaleza - CE, 60055-170;Restaurante;30 min;bar;bar;-3.7328102;-38.5237312
Val Drink's;;;R. Dragão do Mar, 100 - Centro, Fortaleza - CE, 60060-195;;;bar;bar;-3.7219725;-38.5200772
Carneiro Prime Sul;4.3;539 comentários;Av. Edilson Brasil Soares, 212 - Parque Manibura, Fortaleza - CE, 60821-775;$$;;bar;bar;-3.7898801;-38.4832753
Chez Marc Et Silvania Bar;3.5;2 comentários;R. Dragão do Mar, 322 - Centro, Fortaleza - CE, 60060-390;Restaurante;;bar;bar;-3.7218332;-38.5186137
Na Praia Sports Bar;4.8;5 comentários;R. da Assunção, 1255 - José Bonifacio, Fortaleza - CE, 60050-011;Churrascaria;;bar;bar;-3.7410209;-38.5305497
Dybowski Bar;4.8;52 comentários;Rua Cardoso de Barros, 58 - Vila Peri, Fortaleza - CE, 60730-150;$;;bar;bar;-3.7892287;-38.5818365
Espetinho Do Gordinho;4.5;44 comentários;Av. Pontes Vieira, 247 - São João do Tauape, Fortaleza - CE, 60130-240;Bar;;bar;bar;-3.7529909;-38.5154756
Quiosque Sao Francisco 27;;;Av. Beira Mar - Praia de Iracema, Fortaleza - CE, 60165-121;;;bar;bar;-3.7200863;-38.5122823
Bar do Pedro;4.6;17 comentários;R. Mônaco, 300 - Parangaba, Fortaleza - CE, 60710-590;Bar;;bar;bar;-3.7850427;-38.5691968
Bar Do Fortaleza;;;R. Vitória da Conquista, 1664 - Manuel Dias Branco, Fortaleza - CE, 60191-670;;;bar;bar;-3.7591267;-38.4697264
Best Bar Fortaleza;4.6;16 comentários;Av. Contôrno Sul, 251-255 - Jangurussu, Fortaleza - CE, 60875-205;Bar;;bar;bar;-3.8355414;-38.5160347
Boteco do Carro Bar;4.0;3 comentários;Av. Lineu Machado, 1212 - Jóquei Clube, Fortaleza - CE, 60520-102;Bar;;bar;bar;-3.7662746;-38.5771671
Bar e Restaurante Elizângela;5.0;2 comentários;R. Meton de Alencar, 444 - Centro, Fortaleza - CE, 60035-160;Bar;;bar;bar;-3.7343727;-38.528098
Sérvia Bar;;;R. João Cordeiro, 2022-2100 - Aldeota, Fortaleza - CE, 60110-301;;;bar;bar;-3.7334661;-38.5155837
Koya Sushi Bar;4.3;563 comentários;Av. Antônio Sales, 2435 - Dionísio Torres, Fortaleza - CE, 60135-102;$$$;30 min;bar;bar;-3.7454323;-38.5020833
The Lights;4.4;1.055 comentários;Av. da Universidade, 2322 - Benfica, Fortaleza - CE, 60020;$;1,5-3,5 horas;bar;bar;-3.7376007;-38.5363242
Eurides Bar;;;R. Manuel Dias Branco - Cais do Porto, Fortaleza - CE, 60180-635;;;bar;bar;-3.720603;-38.4757477
Bar Do Doca;5.0;4 comentários;R. Floro Bartolomeu, 1027 - São João do Tauape, Fortaleza - CE, 60130-530;Bar;;bar;bar;-3.7595028;-38.5049371
Albergaria Hostel;4.3;787 resenhas no Google;R. Antônio Augusto, 111 - Meireles, Fortaleza - CE, 60110-370;hotel de 2 estrelas;;bar;bar;-3.7222495;-38.5106793
Renata Bar;;;R. Pedro Pereira, 945 - Centro, Fortaleza - CE, 60035-000;;;bar;bar;-3.7292272;-38.529923
Bar do Assis Júnior;5.0;3 comentários;R. Major Facundo, 1213 - Centro, Fortaleza - CE, 60025-101;Bar;;bar;bar;-3.7335987;-38.5296466
bar;4.0;6 comentários;Av. Zezé Diogo, 62 - Cais do Porto, Fortaleza - CE, 60180-000;Bar;;bar;bar;-3.7085735;-38.4711399
Bar São Francisco;4.0;2 comentários;Rua 24 de Maio, 1129 - Centro, Fortaleza - CE, 60020-001;Bar;;bar;bar;-3.7315805;-38.5332701
Frappero Drinks;5.0;3 comentários;R. Ildefonso Albano, 195 - Meireles, Fortaleza - CE, 60115-000;Bar;;bar;bar;-3.7227803;-38.5096838
Bar;4.1;7 comentários;R. Carlos Severo, 90 - Farias Brito, Fortaleza - CE, 60011-100;Bar;;bar;bar;-3.7318121;-38.5420127
Bar E Restaurante;2.5;2 comentários;Rua Solon Pinheiro, 453 - Centro, Fortaleza - CE, 60050-040;Bar;;bar;bar;-3.7344084;-38.5274075
Talhas Bar;;;Rua do Rosário, 56 - Centro, Fortaleza - CE, 60055-090;;;bar;bar;-3.7280651;-38.5265216
Restaurante e pizzaria Havana;;;R. dos Pacajús, 70 - Praia de Iracema, Fortaleza - CE, 60110-150;;;bar;bar;-3.7194913;-38.5139324
Gil Bar;5.0;5 comentários;Av. João Pessoa, 3777 - Damas, Fortaleza - CE, 60425-813;Bar;;bar;bar;-3.747543;-38.544907
Bar e Restaurante Euguimas;;;R. da Assunção, 119 - Centro, Fortaleza - CE, 60050-011;;;bar;bar;-3.7313088;-38.5272305
Ceará Sporting Bar;;;Av. Dom Luís, 1156 - Aldeota, Fortaleza - CE, 60160-196;;;bar;bar;-3.7358204;-38.4909982
Brom's Beach Club;;;R. dos Tabajaras, 386 - Praia de Iracema, Fortaleza - CE, 60060-500;;;bar;bar;-3.7193078;-38.5164863
Ipueira Drinks;4.8;13 comentários;Centro, Fortaleza - CE, 60055-450;Bar;;bar;bar;-3.7281287;-38.527412
New Florida Bar e Restaurante;;;Rua do Rosário, 210 - Centro, Fortaleza - CE, 60135-050;;;bar;bar;-3.7273875;-38.5264094
Fortaleza;;;R. João Xavier, 652 - Cajazeiras, Fortaleza - CE, 60864-520;;;bar;bar;-3.8115905;-38.5059708
Fortaleza Ceará;;;Av. Bernardo Manuel, 7200 - Serrinha, Fortaleza - CE, 60741-280;;;bar;bar;-3.7813132;-38.5462998
fortaleza ceará;;;R. Rio Araguaia, 722 - Jardim Iracema, Fortaleza - CE, 60340-000;;;bar;bar;-3.7223643;-38.5819803
Imperial Lanches;4.0;2 comentários;R. Floriano Peixoto, 1040 - Centro, Fortaleza - CE, 60025-130;Bar;;bar;bar;-3.7315455;-38.5286249
João da Bodega;;;R. do Pocinho, 135 - Centro, Fortaleza - CE, 60055-120;;;bar;bar;-3.7279234;-38.5245906
Bar Fortaleza Ceará;4.1;20 comentários;Av. da Barreira Grande, 3916 - Vila Bancaria, São Paulo - SP, 03916-000;Bar;;bar;bar;-23.5861761;-46.5179703
Bar Fortaleza Ceara;;;Jardim Marista, Trindade - GO;;;bar;bar;-16.6406017;-49.4184805
